word,definition
beer,啤酒
grave,坟墓；严重的
circuit,电路；环行
show,展示；表明
transport,运输
cable,缆，索；电缆
counter,柜台；计数器
raise,举起；提高；饲养
other,其他的；另外的
contribute,捐献；贡献
professional,专业的；专业人员
accumulate,积累；堆积
when,什么时候
crowd,群；大众；拥挤
wire,金属线；电线
movie,电影
its,它的
yield,产出；屈服
be,是，在，做
fascinate,迷住，强烈吸引
rough,粗糙的；大致的
coil,卷，线圈
everywhere,到处，处处
banner,旗，旗帜，横幅
outside,外面；外部的
liberal,自由主义的；慷慨的
arrive,到达；来临；达到
remedy,治疗；补救
month,月，月份
heavy,重的；大量的
promote,促进；提升
drug,药，药物
plain,清楚的；朴素的
onto,到…上面
home,家；本国
flight,航班；飞行
somewhere,在某处
manufacturer,制造商
their,他们的
considerable,相当大的；重要的
high,高的；高级的
instant,立即的；瞬间
tonight,今晚
impact,影响；冲击
twist,扭曲；转动
theme,主题
rail,铁路；栏杆
achievement,完成；成就/绩
case,情况；病例；案件
worthy,有价值的
detect,察觉，发觉
carriage,客车厢；四轮马车
protection,保护
language,语言
impressive,给人深刻印象的
offend,冒犯；得罪
introduction,介绍；导言
unable,不能的
send,送；发送
offensive,冒犯的；进攻的
reality,现实；真实
passenger,乘客
okay,好的
unlike,不像；不同的
game,游戏；比赛
journal,期刊；日志
stir,搅拌；激起
print,印刷；打印
excellent,优秀的，极好的
mostly,主要地；大部分
season,季节
load,装载；负担
stream,溪流；流
characteristic,特有的；特性
suggest,建议；暗示
just,刚刚；只是；公正的
poet,诗人
result,结果
even,甚至；均匀的
adopt,收养；采用；采取
writer,作家
cheer,使振奋；欢呼
church,教堂，礼拜堂
loan,贷款；借出
ear,耳朵；听力
below,在…下面(以下)
cigarette,香烟，纸烟
gun,枪，炮
assist,援助，帮助；搀扶
engine,发动机，引擎
idea,想法；主意
fold,折叠；褶
against,倚在；逆，对着
sweep,扫；席卷
classical,古典的；经典的
charge,索价；控告；充电
rent,租金；租用
rice,米饭；稻
box,箱，盒；包箱
whatever,无论什么
teach,教；教授
piece,块；片；篇
pressure,压力
ourselves,我们自己
treaty,条约
republic,共和国
actress,女演员
concern,涉及，关系到；关心
chocolate,巧克力；巧克力糖
you,你；你们
the,这，那
leader,领袖；领导人
desire,渴望；要求
during,在…期间
mortgage,抵押
billion,万亿(英)
abandon,丢弃；放弃，抛弃
complaint,抱怨；控告
deep,深的；深刻的
industry,工业；产业
facility,设备；便利
peak,山峰；顶点
compare,比较，对照
ensure,保证；确保
resort,胜地；诉诸
invent,发明，创造
cook,烹调，煮，烧
letter,信；字母
address,地址；演说；谈吐
crime,罪，罪行；犯罪
simple,简单的
decrease,减少
response,回答；响应
link,联系；链接
beach,海滩，湖滩，河滩
financial,财政的，金融的
son,儿子
go,去；变得
pour,倒；灌
hang,挂，悬挂
beloved,为…所爱的；爱人
say,说
lady,女士；夫人
confident,确信的，自信的
anchor,锚；抛锚，停泊
consumption,消耗量；消费
junior,年少的；下级的
despite,不管，不顾
blend,混和
only,唯一的；只
bird,鸟，禽
dust,灰尘，尘土
pile,堆；积累
label,标签；标记
court,法院，法庭；庭院
rush,冲；匆忙
license,执照；许可
omit,省略，遗漏
route,路线；航线
spokesman,发言人
writing,书写；作品
regard,看待；问候
ought,应该
product,产品；产物
collapse,倒塌；崩溃
jump,跳；跳跃
change,改变，变更；零钱
noble,高尚的；贵族的
architecture,建筑学；建筑式样
merry,欢乐的，愉快的
flash,闪光；闪烁
shut,关上；关闭
conscious,意识到的；有意的
kill,杀死
fate,命运
notion,概念；想法
insect,昆虫
bit,一点，一些，小片
encourage,鼓励，支持
belt,带，腰带；皮带；区
should,应该
electronic,电子的
ship,船；装运
persuade,说服，劝说
advisable,明智的；可取的
mail,邮件；邮寄
consumer,消费者，用户
marriage,结婚；婚姻
ring,戒指；铃声
defect,缺点，缺陷
improvement,改善，改进
huge,巨大的
whenever,无论何时
accelerate,(使)加快；促进
crop,农作物，庄稼
classify,分类；归类
differ,不同，相异
need,需要；必须
deprive,剥夺，夺去
seven,七
estimate,估计；评价
stay,停留；保持
cool,凉的，凉爽的
daughter,女儿
fall,落下；跌倒；秋天
numerous,许多的
thus,因此；这样
imagination,想象力
pray,祈祷；请求
ugly,丑陋的
disorder,混乱；失调
start,开始；出发
odd,奇数的；奇怪的
admire,钦佩，羡慕，赞赏
image,图像；形象
struggle,斗争；奋斗
program,节目；程序；计划
light,光；灯；轻的
interest,兴趣；利息
dependent,依赖的，从属的
dozen,一打，十二个
course,课程；过程；航线
society,社会
faithful,忠实的；忠诚的
idle,空闲的；懒散的
arrival,到达；到来；到达者
chief,主要的；首领
beautiful,美的，美丽的
accessory,同谋，从犯；附件
unite,联合；团结
slight,轻微的
small,小的
gross,总的；毛重的
earth,地球；陆地
appliance,用具，器具，器械
defend,保卫，防守
glimpse,一瞥，一看
account,记述；解释；帐目
dictate,口授；命令
evidence,证据；迹象
include,包括，包含
emotional,感情的；情绪的
employer,雇主
weapon,武器
murder,谋杀
impose,把…强加
drip,滴下；漏水
curve,曲线；弯曲
analyse,分析，分解，解析
correspond,符合；通信
blackboard,黑板
break,打破；损坏；打断
hollow,空的；空洞的
ideal,理想的；观念
breathe,呼吸
conscience,良心，道德心
particular,特别的；特定的
handkerchief,手帕
influence,影响；势力
many,许多的
tell,告诉；辨别
generate,产生；发生
leap,跳，跃
scientist,科学家
blow,吹，吹动；吹响
oppose,反对；对抗
bed,床，床位；圃；河床
conservation,保存，保护
belong,属于，附属
accept,接受；同意
cousin,堂(表)兄弟(姐妹)
acre,英亩(=6.07 亩)
distort,歪曲，扭曲
examine,检查；诊察
enter,进入；参加
ignore,忽视，不理睬
afford,担负得起…；提供
nation,国家，民族
neither,两者都不
astronaut,宇宙航行员，宇航员
wonder,想知道；惊奇
bell,钟，铃，门铃；钟声
lead,领导；引导
plant,植物；工厂；种植
north,北，北方
next,下一个；其次
nationality,国籍
queen,女王；王后
environment,环境
produce,生产；产生
identity,身份；特性
elder,年长者；长辈
guilty,有罪的；内疚的
box,拳击，打拳
teaching,教学；教导
intend,想要，打算
skill,技能；技巧
modify,更改，修改
seldom,很少，不常
agent,代理人，代理商
therefore,因此
build,建筑；建立
beast,兽，野兽；牲畜
intellectual,知识分子；智力的
threaten,威胁；恐吓
explosion,爆炸；爆发
resolve,解决；决心
semester,学期
prepare,准备；预备
analysis,分析，分解，解析
distinct,独特的；明显的
temporary,暂时的
forgive,原谅，饶恕
base,基础，底层；基地
commander,司令官，指挥员
shine,照耀；发光
discipline,纪律；学科
automatic,自动的；机械的
bean,豆，蚕豆
besides,而且；除…之外
firm,坚固的；公司
atmosphere,大气；空气；气氛
finally,最后；终于
kitchen,厨房
depth,深度；深处
surface,表面
passage,通道；段落
exact,确切的；准确的
curse,诅咒，咒骂
predict,预言，预测
relation,关系；亲属
polish,磨光；使优美
outcome,结果
engineering,工程学
excuse,原谅；借口
between,在…中间
cement,水泥；胶泥
merchant,商人
current,当前的；水流
defeat,战胜，击败
motion,运动；动议
map,地图
cooperate,合作，协作
sum,总数；金额
snow,雪；下雪
cat,猫
serve,服务；服役
occur,发生；出现
uniform,制服；相同的
confidence,信任；信心；秘密
wherever,无论哪里
really,真正地
envelope,信封；封套
virtue,美德
menu,菜单
sing,唱歌
handful,一把；少数
fifth,第五
incident,事件；事变
event,事件；比赛项目
rat,老鼠
already,早已，已经
weather,天气
black,黑色的；黑暗的
exchange,交换；兑换
staff,全体人员；棍
shake,摇动；震动
shoot,射击；拍摄
dangerous,危险的
scold,责骂
collective,集体的；集体
lively,活泼的；生动的
horse,马
french,法国的；法语
serious,严重的；认真的
disappear,消失，不见
guess,猜测；猜想
conductor,售票员；导体；指挥
port,港口
nice,好的；令人愉快的
cargo,船货，货物
annual,每年的；年报
bow,弓；蝴蝶结；鞠躬
drift,漂流；漂移
objective,客观的；目标
tender,温柔的；嫩的
weak,弱的；虚弱的
protest,抗议
blade,刀刃，刀片；叶片
net,网；净的
possess,拥有，具有
win,赢；获胜
pretend,假装
pencil,铅笔
appetite,食欲，胃口；欲望
criticize,批评；评论
nearby,附近的
guide,导游；指导
mistake,错误；误解
escape,逃跑；逃脱
fruit,水果；果实
widespread,广泛的
castle,城堡
housewife,家庭主妇
desk,书桌，办公桌
model,模型；模特
plenty,丰富；充足
quality,质量；品质
disturb,打扰，扰乱
custom,习俗，风俗；海关
sphere,球体；范围
notice,注意；通知
coast,海岸，海滨
may,可以；可能
wise,聪明的
get,获得；变得
wrap,包；裹
abroad,(在)国外；到处
store,商店；储存
anyone,任何人
grade,等级；年级；分数
explanation,解释；说明
enormous,巨大的
dialogue,对话，对白
county,郡，县
pan,平底锅
sudden,突然的
illustrate,说明；阐明
cry,哭；叫喊
somehow,以某种方式
lump,块；肿块
accent,口音，腔调；重音
happen,发生
valuable,有价值的
room,房间；空间
devote,将…奉献；致力于
west,西，西方
wool,羊毛
garbage,垃圾
theory,理论
place,地方；放置
automobile,汽车，机动车
video,视频
hence,因此；今后
lab,实验室
country,国家，国土；农村
accustom,使习惯
interrupt,打断；中断
experimental,实验的
agriculture,农业，农艺；农学
ceremony,典礼，仪式；礼节
front,前面；前线的
april,四月
carrier,搬运人；运载工具
exercise,练习；锻炼
cake,饼，糕，蛋糕
mayor,市长
calm,平静的；镇静
awful,令人不愉快的
tourist,游客
universe,宇宙
pole,杆；极点
can,能；罐头
whether,是否
joy,欢乐，高兴
punish,惩罚
steep,陡峭的
cave,洞，穴；窑洞
aloud,出声地，大声地
establish,建立，设立
autumn,秋，秋季
chamber,房间；议院
again,又一次；而且
various,各种各样的
call,叫，喊；打电话
mountain,山，山脉
around,在…周围
student,学生
sheet,床单；薄片
suitable,合适的
violent,暴力的
pain,疼痛；痛苦
cut,切，割，剪
concept,概念，观念
strip,条；剥去
culture,文化，文明
employee,雇员，员工
rub,摩擦
every,每个，每一
sugar,糖
article,文章；条款；物品
something,某事
yours,你的
gravity,重力；严重性
bright,明亮的；聪明的
routine,日常的；常规
branch,树枝；分部；分科
message,消息；信息
lonely,孤独的；寂寞的
volume,体积；音量
accomplish,达到(目的)；完成
consideration,考虑；照顾
habit,习惯
carrot,胡萝卜
hour,小时
release,释放；发布
harbor,港口；避难所
camera,照相机，摄影机
adult,成年人；成年的
brain,脑，脑髓；脑力
holiday,假日，节日
astonish,使惊讶，使吃惊
hurry,赶紧；匆忙
demonstrate,论证；演示；示威
carbon,碳
fellow,人；家伙；同伴
trouble,麻烦；烦恼
consciousness,意识，觉悟
grocery,食品杂货店
plane,飞机；平面
tea,茶
variety,多样性；种类
utility,效用；公用事业
acid,酸；酸的，酸性的
turn,转动；转变
prince,王子
clerk,店员；办事员
accordingly,因此，所以；照着
memory,记忆；内存
administration,管理；管理部门
very,非常；很
not,不，没有
academic,学院的；学术的
border,边，边缘；边界
establishment,建立，设立
office,办公室；职务
greeting,问候，招呼
relative,相对的；亲戚
relief,减轻；救济
conversely,相反地
in,在…里面
mount,山；登上
illegal,非法的
medium,中等的；媒体
mercy,仁慈；怜悯
yesterday,昨天
tomorrow,明天
distinguish,区别，辨别
extension,延伸；扩展
ask,问；要求；邀请
main,主要的
neighbor,邻居
democracy,民主，民主制
river,河流
appearance,出现，来到；外观
highway,公路，大路
engineer,工程师
ladder,梯子
century,世纪，百年
advise,劝告；建议；通知
big,大的，巨大的
tie,领带；系
flame,火焰；光辉
percent,百分之…
reply,回答；答复
bore,使厌烦；钻，挖
quick,快的；迅速的
healthy,健康的
information,信息；情报
issue,问题；发行
damage,损害，毁坏
enable,使能够
rare,稀有的；珍贵的
add,添加，附加，掺加
certain,确实的；一定的
adequate,足够的；可以胜任的
beggar,乞丐，穷人
bosom,胸，胸部；内心
elsewhere,在别处
group,群；小组；聚集
courtyard,庭院，院子
fifteen,十五
usually,通常
blaze,火；闪光；燃烧
zoo,动物园
walk,走；散步
sleep,睡觉
radio,无线电；收音机
nuclear,核的；原子能的
classroom,教室
network,网络；网状物
clothes,衣服，服装
troop,军队；一群
ambition,雄心，抱负，野心
refrigerator,冰箱
unit,单位；单元
unknown,未知的
league,联盟；社团
software,软件
level,水平；级别
discovery,发现；被发现的事物
session,会议；一段时间
alloy,合金；(金属的)成色
study,学习；研究
cart,二轮运货马车
twice,两次；两倍
write,写
pocket,口袋
sir,先生
judgment,审判；判断
generous,慷慨的；宽宏大量的
work,工作；运转
obtain,获得，得到
picnic,野餐
alcohol,酒精，乙醇
marry,结婚，嫁娶
rest,休息；其余的
plus,加；正的
catch,捉住；赶上；领会
politics,政治；政治学
critic,批评家，评论家
resistance,抵抗；阻力
seed,种子
prove,证明；结果是
matter,事情；物质；要紧
stretch,伸展；延伸
motor,发动机；马达
educate,教育；培养
bone,骨，骨骼
detail,细节；详情
perform,执行；表演
gesture,手势；姿态
settle,解决；定居
seat,座位
objection,反对；异议
ashamed,惭愧(的)；羞耻(的)
asian,亚洲的；亚洲人
clothing,衣服，被褥
best,最好的；最大的
funny,有趣的；好笑的
almost,几乎，差不多
react,反应
cap,帽子，便帽
tendency,趋势；倾向
origin,起源；出身
everyone,每人，人人
building,建筑物；建筑
loud,大声的
cruel,残忍的，残酷的
mother,母亲
bench,长凳，条凳；工作台
connect,连接；联系
absolutely,完全地；绝对地
foreign,外国的；对外的
fifty,五十
match,比赛；火柴；匹配
storage,储存；仓库
mystery,神秘；神秘的事物
breakthrough,突破
golden,金色的；珍贵的
birthday,生日，诞生的日期
driver,驾驶员，司机
six,六
doubt,怀疑；疑虑
flag,旗，旗帜
consent,同意，赞成
isolate,隔离；孤立
shadow,影子；阴影
register,登记；注册
quiet,安静的
worker,工人
local,地方的；本地的
minor,较小的；次要的
bottle,瓶，酒瓶；一瓶
blue,蓝色的；蓝色
let,让；允许
device,装置，设备
forever,永远，总是
compose,组成，构成；创作
today,今天
wild,野生的；荒凉的
economic,经济的
stem,茎；起源
sit,坐
same,相同的；同样的
poem,诗
shop,商店；购物
rather,相当；宁愿
style,风格；样式
her,她的；她
laughter,笑，笑声
average,平均数；平均的
pen,钢笔
head,头；首领
dirty,脏的
camp,野营，营地
shortage,不足；缺少
think,想；认为
combination,结合，联合
brief,简短的；摘要
station,车站；站
rid,使摆脱
sister,姐妹
inform,通知；告知
efficiency,效率；功效
feature,特征；特色
absent,不在场的；缺乏的
soil,土壤
visitor,访问者
night,夜，夜晚
finance,财政，金融
religion,宗教
girl,女孩，姑娘
slave,奴隶
boot,靴子，长统靴
entertainment,娱乐；招待
flesh,肉，肉体
radical,根本的；激进的
motive,动机，目的
division,分，分配；部门
commit,犯(错误)；干(坏事)
after,在…以后；次于
thank,感谢
platform,平台；站台
disaster,灾难，灾祸
island,岛屿
patience,耐心
argument,争论，辩论；理由
western,西方的
household,家庭的；家务
manual,体力的；手册
committee,委员会
board,板；上(船、车等)
effective,有效的
question,问题；询问
opportunity,机会
continue,继续，连续
inn,小旅馆
pond,池塘
evolution,进化，演变
prospect,前景；展望
bear,容忍；负担；生育
bomb,炸弹；轰炸
zero,零
injury,损害；伤害
movement,运动；活动
lovely,可爱的；令人愉快的
assemble,集合，召集；装配
wound,伤口；受伤
well,好；健康的
dish,碟，盘子；菜肴
dull,枯燥的；阴暗的
index,索引；指数
failure,失败；失败的人
traffic,交通
ride,骑；乘坐
regulation,规则；管理
symbol,符号；象征
shy,害羞的
trousers,裤子
voice,声音；嗓音
centre,中心；中央
arithmetic,算术，四则运算
progress,进步；前进
button,纽扣；按钮
recent,最近的
elementary,基本的；初级的
debt,债，债务
brave,勇敢的
sympathy,同情
halt,停止；停住
till,直到
corporate,公司的；团体的
mental,精神的；智力的
early,早的；早期
duration,持续时间
pursue,追赶；追求
rich,富的；丰富的
method,方法，办法
certificate,证书，证明书
remember,记得；记住
patient,耐心的；病人
seek,寻找；追求
drum,鼓；鼓状物
pace,步；速度
structure,结构；建筑物
chase,追赶，追逐
nail,钉子；指甲
deliver,投递，送交；发表
basket,篮，篓，筐
calculate,计算；推算
experiment,实验；试验
railroad,铁路
cross,穿过；交叉
journalist,记者
rural,农村的
cost,费用；成本
ball,球，球状物；舞会
aspect,方面；样子，外表
balloon,气球，玩具气球
rival,竞争对手
performance,表演；表现
attack,攻击，进攻
approximate,近似的；近似
forbid,禁止，不许
resist,抵抗；抵制
director,指导者；导演；董事
conduct,引导；管理；传导
recommend,推荐
dance,跳舞；舞蹈
tall,高的
personnel,全体人员
growth,增长；生长
hole,洞，孔
government,政府
echo,回声；反响
record,记录；唱片
prefer,更喜欢
window,窗户
cushion,垫子，靠垫
hardship,困苦，苦难
nut,坚果；螺母
full,满的；完整的
comparison,比较，对照
greek,希腊的；希腊人
thick,厚的；浓的
farmer,农民，农场主
your,你的
amount,总数；数量；和
exciting,令人兴奋的
keep,保持；保存
swing,摇摆；秋千
headquarters,总部；司令部
football,足球
region,地区；区域
dark,暗的；黑色的
weigh,称；重
medical,医学的；医疗的
stock,股票；库存
proof,证据；证明
bolt,螺栓；插销；闩门
animal,动物，兽；动物的
down,向下；在下面
basically,基本上
solve,解决
acceleration,加速(度)
approve,赞成，称许；批准
deduce,推论，推断
kilogram,千克，公斤
option,选择；选项
manager,经理
expectation,预期；期望
computer,计算机，电脑
emotion,情感；情绪
wake,醒来；唤醒
biology,生物学；生态学
guard,守卫；警卫
substantial,大量的；实质的
dead,死的；无生命的
value,价值；重视
solar,太阳的
lawn,草坪
sweet,甜的；可爱的
minimum,最小的；最低限度
dog,狗
location,位置；场所
procedure,程序；手续
wheat,小麦
illness,疾病
could,能够
couple,一对；夫妇
existence,存在，生存
wait,等；等待
historical,历史的
use,使用；用途
accidental,偶然的；非本质的
tale,故事；传说
concert,音乐会，演奏会
tip,尖端；小费
emphasize,强调，着重
survive,幸存；比…活得长
surrounding,周围的
book,书，书籍；预定
initiative,首创精神；主动性
proportion,比例；部分
teenager,青少年
bet,打赌
academy,私立中学；专科院校
miss,想念；错过
fish,鱼；钓鱼
racial,种族的
check,检查；核对；支票
thin,薄的；瘦的
since,自从；因为
ceiling,天花板，顶篷
valley,山谷
instruct,教；指示
father,父亲
period,时期；周期
claim,声称；索取；要求
navigation,航海；导航
majority,多数
sufficient,足够的
translation,翻译
graduate,毕业生；毕业
error,错误，误差
where,在哪里
pretty,漂亮的；相当
dollar,美元
amplify,放大，增强；扩大
personal,个人的；私人的
technique,技术；技巧
anger,怒，愤怒；使发怒
regime,政权；制度
carry,携带；运载；传送
production,生产；产量
trap,陷阱；使陷入
executive,执行的；主管
consequence,结果，后果
media,媒体
state,状态；国家；陈述
dimension,尺寸；维度
february,二月
through,通过；穿过
pot,锅；壶
sign,符号；签名
security,安全
lid,盖子
impress,给…深刻印象
convince,使确信，使信服
reluctant,不情愿的
visible,看得见的
shell,壳；炮弹
impossible,不可能的
exploit,开发；剥削
overcome,克服；战胜
drama,戏剧；戏剧性
wander,漫步；徘徊
alone,单独的；单独地
sand,沙子
headline,大字标题
policy,政策；方针
customer,顾客，主顾
move,移动；搬家
secure,安全的；获得
oxygen,氧气
generally,通常；普遍地
great,伟大的；重大的
bite,咬，叮，螫；刺穿
vehicle,车辆；工具
backward,向后的；倒的
save,救；节省
planet,行星
motivate,激励
cheat,欺骗；作弊
forty,四十
person,人
block,街区；堵塞，拦阻
acquaintance,认识；了解；熟人
spread,传播；展开
rely,依赖，依靠
police,警察；警方
portrait,肖像；画像
operation,操作；手术
authority,当局，官方；权力
withdraw,撤退；取款
harm,伤害，损害
flavor,味，味道
ripe,成熟的
glance,看一眼；扫视
ten,十
cent,分；百
rock,岩石；摇滚
such,这样的；如此
complicated,复杂的，难懂的
weakness,弱点；虚弱
day,天，白天
rope,绳子
profit,利润；收益
campaign,战役；运动
nobody,没有人
selection,选择；精选
across,横过；在…对面
belief,信任，相信；信念
choose,选择，挑选
artist,艺术家，美术家
prison,监狱
research,研究；调查
part,部分；角色
responsible,负责的
mood,心情，情绪
noise,噪音，喧闹声
acceptance,接受，验收；承认
poverty,贫穷
revision,修订；修改
skin,皮肤
water,水
native,本地的；本国人
carpet,地毯，毛毯
simply,简单地；仅仅
dominant,支配的；主要的
corn,谷物；玉米
low,低的；矮的
basic,基本的，基础的
share,分享；份额
chill,使变冷；寒冷
passive,被动的
web,网；网络
pioneer,先驱；开拓者
until,直到
number,数字；号码
prayer,祈祷
disposal,处置；处理
pair,一对；一双
poison,毒；毒害
philosophy,哲学
short,短的；矮的
geometry,几何，几何学
text,文本；课文
suit,适合；套装
technical,技术的
aggressive,侵略的；好斗的
amuse,逗…乐；给…娱乐
hall,大厅；礼堂
gray,灰色的；灰色
join,连接；参加
possible,可能的
digest,消化；摘要
hill,小山，山丘
lifetime,一生，终身
art,艺术，美术；技术
minute,分钟；微小的
prompt,促使；迅速的
lecture,演讲；讲课
concrete,混凝土；具体的
wood,木头；树林
slim,细长的；微小的
fight,战斗；打架
organic,有机的
rose,玫瑰花
instrument,仪器；工具
distinction,差别；区分
overlook,俯瞰；忽略
pupil,学生；瞳孔
ordinary,普通的；平常的
laser,激光
ancient,古代的，古老的
slow,慢的；减慢
clarify,澄清，阐明
immediate,立即的；直接的
calendar,日历，历书
distant,远的；冷淡的
multiple,多样的；倍数
china,中国；瓷器
drag,拖，拉
throughout,遍及；贯穿
fine,美好的；纤细的；罚款
born,天生的；出生的
substitute,替代品；替代
innocent,无罪的；天真的
grass,草；草地
acute,尖的，锐的；敏锐的
leather,皮革
composition,构成；作品；作文
read,读；阅读
grow,生长；种植；变得
become,变成；成为，变得
which,哪个
lawyer,律师
hero,英雄；男主角
negotiate,谈判，协商
power,权力；力量；电力
blank,空白的；空白
marvelous,惊人的；奇迹般的
moment,片刻；时刻
spend,花费；度过
easy,容易的；安逸的
condition,条件；状况
breed,繁殖；饲养
comfortable,舒适的
two,二
bear,熊；粗鲁的人
climate,气候
holy,神圣的
sheer,纯粹的；陡峭的
prize,奖品；奖金
so,因此；如此
friendship,友谊，友好
put,放；放置
spirit,精神；灵魂
vary,变化；不同
tradition,传统
conclude,推断出；结束
ease,容易；舒适
dig,挖，掘
interpret,解释；口译
useful,有用的
collection,收集，收藏品
attention,注意，留心；注意力
historian,历史学家
curious,好奇的；稀奇古怪的
furthermore,此外，而且
view,观点；景色
false,不真实的；错误的
reading,阅读；读物
glass,玻璃；玻璃杯
grind,磨碎；碾碎
apologize,道歉，谢罪，认错
aunt,伯母，婶母，姑母
dim,暗淡的；模糊的
heaven,天堂；天空
constant,经常的；恒定的
roll,滚动；卷
remote,遥远的；偏僻的
bury,埋葬；掩埋
hire,雇用；租用
over,在…上方；超过
thousand,千
scope,范围；余地
glad,高兴的；乐意的
constantly,经常地；不断地
management,管理；管理部门
shout,呼喊
classmate,同班同学
chip,片，碎片；芯片
empty,空的；空虚的
yourself,你自己
aluminium,铝
right,正确的；权利
color,颜色，色彩；颜料
apparent,表面上的；明显的
song,歌曲
labor,劳动；劳工
helicopter,直升机
stake,桩；赌注
most,最多的；最
attach,缚，系，贴；附加
suffer,遭受；忍受
what,什么
chess,棋；国际象棋
bough,树枝
farm,农场；饲养
carve,刻，雕刻
nearly,几乎，差不多
total,总的；完全的
gaze,凝视，注视
east,东，东方
spiritual,精神的
physical,身体的；物理的
mixture,混合物
maintain,维持；保养
will,将；意志
reject,拒绝；驳回
princess,公主
summarize,总结，概括
there,那里
vision,视力；远见
hear,听见；得知
heart,心；内心
have,有；必须
worst,最坏的
moreover,此外，而且
spot,地点；斑点
bargain,交易；议价；成交
adjective,形容词
everybody,每人，人人
puzzle,谜；困惑
open,打开；开放的
contain,包含，容纳
horizon,地平线；眼界
ticket,票；入场券
modern,现代的
admit,承认；准许…进入
occasional,偶尔的
praise,赞扬，表扬
loss,丧失；损失
bath,浴，洗澡；浴缸
dye,染，染色
reflect,反射；反映
crush,压碎；镇压
angle,角，角度
recognition,认出；承认
invite,邀请
define,给…下定义
poor,贫穷的；可怜的
important,重要的
depression,沮丧；萧条
host,主人；主持人
intention,意图，目的
beat,打，敲；打败
decade,十年
someone,某人
cloth,布，织物
genius,天才，天赋
nerve,神经；勇气
signal,信号
foundation,基础；基金会
combine,结合，联合
circle,圆，圆周；圈子
summer,夏天
ghost,鬼魂，幽灵
pattern,模式；图案
hundred,百
death,死，死亡
anyhow,无论如何
seize,抓住；夺取
eat,吃，吃饭
kid,小孩；开玩笑
independence,独立；自主
shower,淋浴；阵雨
shave,剃；刮
photo,照片
half,一半
highlight,强调；最精彩的部分
criminal,犯人，罪犯
usual,通常的
frown,皱眉
attempt,尝试，试图；企图
thought,想法；思想
practical,实际的；实用的
package,包裹；包装
juice,汁，液
visit,访问；参观
birth,分娩，出生；出身
advance,前进；提高；进展
publish,出版；公布
specialist,专家
scheme,计划；方案
might,可能；力量
hold,拿住；举行；容纳
library,图书馆
stupid,愚蠢的
affect,影响；感动
supreme,最高的；至上的
favorite,最喜欢的
bloom,花；开花，开花期
cinema,电影院
advanced,先进的；高级的
portion,部分；一份
victory,胜利
top,顶部；最高的
political,政治的
lord,贵族；上帝
opposition,反对；抵抗
behavior,行为，举止，态度
nor,也不
enforce,实施，执行
regarding,关于
african,非洲的；非洲人
automation,自动，自动化
compete,比赛；竞争
exhibit,展览；陈列
stiff,僵硬的
cabbage,洋白菜，卷心菜
install,安装；设置
female,女性的；雌性的
smooth,光滑的；平稳的
film,影片；胶卷
capture,捕获，俘获
control,控制，支配
cotton,棉；棉线；棉布
trade,贸易；行业
sharp,锋利的；敏锐的
countryside,乡下，农村
ready,准备好的
entrance,入口；进入
feed,喂，饲养
generation,一代人；产生
end,末端；结束
major,主要的；专业
american,美洲的；美国人
consistent,一致的；始终如一的
steam,蒸汽
apartment,一套公寓房间
yard,院子；码
danger,危险
frost,霜；严寒
by,在…旁边；被，由
congress,大会；国会
health,健康
abnormal,不正常的；变态的
magic,魔法；魔术
original,原始的；独创的
background,背景，后景，经历
religious,宗教的
owner,物主，所有者
earn,赚得，挣得
off,离开；关掉
embrace,拥抱；包括
sail,航行；帆
then,然后；那时
five,五
tooth,牙齿
determine,决定；决心
few,很少的；少数
invasion,入侵，侵略
busy,忙的；繁忙的
agency,经办；代理；代理处
task,任务；工作
clay,粘土，泥土
recently,最近
panel,面板；专门小组
tension,紧张；张力
spell,拼写
friendly,友好的
fan,扇子；狂热爱好者
lion,狮子
pale,苍白的；淡的
potential,潜在的；潜力
neutral,中立的
import,进口；输入
sustain,维持；支撑
people,人们；人民
mission,使命；任务
train,火车；训练
glove,手套
soldier,士兵
disability,残疾；无能
heat,热；加热
adverb,副词
logic,逻辑；推理
hope,希望
complex,复杂的；综合体
moral,道德的；寓意
soul,灵魂；心灵
whole,整个的；完全的
kind,种类；善良的
conventional,传统的；惯例的
intense,强烈的；紧张的
costly,昂贵的；价值高的
burn,烧，燃烧；烧伤
convenient,便利的，方便的
unusual,不寻常的
crazy,疯狂的，荒唐的
aircraft,飞机，飞行器
severe,严重的；严厉的
actor,男演员；演剧的人
way,方法；路
design,设计；图案
breadth,宽度；幅度；幅员
passion,热情；激情
wrong,错误的；不对的
baggage,行李
prevent,预防；阻止
site,地点；场所
chair,椅子；主席
painful,痛苦的
spring,春天；弹簧
with,和；用
safe,安全的
earnest,认真的；诚挚的
hopeful,有希望的
hate,恨，憎恨
score,得分；二十
trace,踪迹；追踪
float,漂浮；飘动
aid,帮助，救护；助手
candidate,候选人；报考者
truck,卡车
pump,泵；抽水机
paragraph,段落
battle,战役；斗争；作战
darkness,黑暗
either,两者之一；也
stair,楼梯
reader,读者；读物
cheek,面颊，脸蛋
reputation,名誉；声望
toward,向；朝
television,电视
content,内容；满足的
hot,热的；辣的
pronunciation,发音
specific,具体的；特定的
quantity,数量
pink,粉红色的
bundle,捆，包，束
news,新闻，消息
cherry,樱桃；樱桃树
prisoner,囚犯
department,部，司，局；系
bush,灌木，灌木丛
consume,消耗，消费
lag,落后；延迟
similar,相似的
hair,头发；毛发
beard,胡须，络腮胡子
investigate,调查
situation,形势；处境
principal,主要的；校长
bark,吠叫声；吠，叫
gold,金，黄金
proposal,提议；建议
australian,澳大利亚的
partner,伙伴；配偶
component,组成部分；组件
worse,更坏的
height,高度；身高
glorious,光荣的；壮丽的
wave,波浪；挥手
latter,后者的
theater,剧院
civil,国内的；公民的
sophisticated,复杂的；精密的
school,学校
inevitable,不可避免的
worry,担心；烦恼
biscuit,(英)饼干；(美)软饼
upon,在…之上
conceal,隐藏，隐瞒
strength,力量；强度
jewel,宝石；珠宝
jail,监狱
mineral,矿物
accuracy,准确(性)；准确度
ice,冰
due,到期的；应有的
treatment,治疗；待遇
more,更多的；更多
village,村庄
appreciate,欣赏；领会；感谢
union,工会；联合
gentle,温柔的；文雅的
still,仍然；静止的
attractive,有吸引力的
opposite,对面的；相反的
lot,许多；签
convert,转变，转化
improve,改善，提高
team,队；组
international,国际的
extend,延伸；扩大
increase,增加，增长
courage,勇气，胆量
soap,肥皂
govern,统治，管理
formation,形成；构成
rage,愤怒；狂暴
confirm,证实，肯定；批准
awkward,笨拙的；尴尬的
parent,父亲；母亲
exist,存在；生存
anxious,忧虑的；渴望的
user,用户
primarily,主要地
factory,工厂
vacation,假期
capacity,容量；能力；能量
chemical,化学的；化学制品
some,一些；某个
insert,插入；嵌入
red,红色的
appropriate,适当的，恰当的
land,陆地；降落
little,小的；少的
complete,完整的；完成
fond,喜爱的；溺爱的
quarrel,争吵
rhythm,节奏；韵律
extraordinary,非凡的，特别的
garage,车库；汽车修理厂
compound,化合物；复合的
cure,治愈；消除
cough,咳嗽
cheerful,快乐的，高兴的
private,私人的；私立的
consult,请教；查阅
basketball,篮球；篮球运动
fantastic,奇异的；极好的
editor,编辑，编者
hunger,饥饿
wash,洗
sense,感觉；意义
greece,希腊
campus,校园，学校场地
run,跑；经营
begin,开始
folk,人们；民间的
please,请；使高兴
anyway,无论如何
guarantee,保证；担保
concerning,关于
white,白色的
deserve,应受，值得
also,亦，也；而且，还
stare,凝视
obvious,明显的
tongue,舌头；语言
life,生命；生活
point,点；要点；指向
bike,自行车；骑自行车
forecast,预测；预报
scholarship,奖学金
desert,沙漠；抛弃
stage,阶段；舞台
measurement,测量；尺寸
execute,执行；处决
satisfaction,满意
who,谁
drunk,醉的
express,表达；快递
lucky,幸运的
nervous,紧张的；神经的
reserve,储备；保留
announce,宣布，宣告，发表
chicken,鸡；鸡肉
property,财产；性质
alive,活着的；活跃的
adventure,冒险；惊险活动
sea,海，海洋
diary,日记，日记簿
meat,肉
participate,参加，参与
never,从不，决不
look,看；显得
alike,同样的，相同的
relevant,相关的
champion,冠军；拥护者
clever,聪明的；机敏的
finding,发现；调查结果
phenomenon,现象
scholar,学者
among,在…之中
delight,使高兴；快乐
bank,银行；库；岩，堤
operate,操作；动手术
triumph,胜利
steal,偷，窃取
fierce,凶猛的；猛烈的
musical,音乐的
judge,法官；评判
medicine,药；医学
realize,实现；认识到
describe,描述，形容
exclusive,独有的；排他的
stranger,陌生人
vast,巨大的；广阔的
dot,点，圆点
suppose,假定；猜想
believe,相信；认为
nod,点头
formal,正式的；礼仪的
bare,赤裸的；仅仅的
factor,因素；要素
beginning,开始，开端；起源
blast,爆炸，冲击波；炸
careful,小心的，仔细的
badminton,羽毛球
proper,适当的；正当的
true,真的；正确的
maximum,最大的；最大值
focus,集中；焦点
loyal,忠诚的
nowhere,任何地方都不
confine,限制；禁闭
obstacle,障碍，阻碍
dump,倾倒；垃圾堆
invest,投资
instance,例子；实例
reach,到达；伸手
opponent,对手；反对者
smell,气味；闻
because,由于，因为
competition,竞争，比赛
luggage,行李
jacket,短上衣，夹克
mainland,大陆
coal,煤，煤块
preparation,准备
observe,观察；遵守
effect,效果；作用
notebook,笔记本
explain,解释；说明
requirement,要求；需要
recover,恢复；痊愈
arrow,箭；箭状物
delay,推迟；延误
upper,上面的
magazine,杂志
giant,巨人；巨大的
stop,停止；车站
interesting,有趣的
beg,乞求；请求
line,线；排；行
ache,痛；想念；疼痛
crude,天然的；粗野的
side,边；方面
vital,至关重要的
dare,敢；胆敢
flexible,灵活的；柔韧的
reason,原因；理由
crown,王冠，冕
example,例子；榜样
declare,宣布，声明
pilot,飞行员；领航员
priest,牧师；神父
annoy,使恼怒；打搅
diagram,图解，图表
opinion,意见；看法
degree,度；程度；学位
track,轨道；跟踪
make,制造；使
possibly,可能地
pacific,太平洋的
speak,说话；讲
frontier,边境；前沿
equipment,装备，设备
ongoing,进行中的
brush,刷子；画笔
quite,相当；十分
element,元素；要素
secretary,秘书
august,八月
behind,在…后面
waste,浪费；废物
wind,风；缠绕
thorough,彻底的
proceed,继续进行
athlete,运动员；田径运动员
together,一起；同时
permit,允许；许可证
career,生涯，职业；经历
human,人的；人类
respect,尊敬；方面
jury,陪审团
regulate,调节；管理
love,爱；热爱
wish,愿望；希望
abuse,滥用；虐待
airport,机场，航空站
eye,眼睛；视力
crash,碰撞；坠落；坠毁
brand,商品；牌子；商标
afterward,后来，以后
club,俱乐部；社团
steer,驾驶；掌舵
eight,八
rain,雨；下雨
expose,暴露；揭露
though,虽然；可是
gang,一群；帮派
cheese,奶酪，干酪
aside,在旁边，到旁边
quote,引用；报价
conclusion,结论，推论；结尾
assess,对(财产等)估价
request,请求；要求
hook,钩；挂钩
bound,一定的；有义务的
mechanism,机制；机械装置
daily,每日的；日报
democratic,民主的
familiar,熟悉的；亲近的
remark,评论；话语
rigid,僵硬的；严格的
salary,薪水
range,范围；山脉
chain,链，链条；项圈
any,什么，一些；任何的
fur,毛皮；软毛
welcome,欢迎
obligation,义务，责任
pause,暂停；中止
introduce,介绍；引进
barrier,栅栏，屏障；障碍
quit,离开；放弃
anywhere,在什么地方
extent,程度；范围
threat,威胁
imaginary,想象的；虚构的
commerce,商业，贸易
hammer,锤子；锤击
coat,外套，上衣；涂层
continuous,连续不断的
truth,真理；真相
comrade,同志，同事
touch,触摸；感动
database,数据库
conversion,转变，转化；改变
survey,调查；测量
parallel,平行的；类似的
normally,通常，正常地
merely,仅仅，只不过
purpose,目的；用途
narrow,狭窄的
relatively,相对地
too,也；太
ampere,安培
crisis,危机
forth,向前；向外
tax,税；征税
back,在后；回原处；回
beneficial,有利的，有益的
absorb,吸收；使专心
confront,面对；对抗
shelter,避难所；保护
palm,手掌
keyboard,键盘
grandfather,祖父，外祖父
pull,拉，拖
park,公园；停车
ad,广告
cell,细胞；小房间
globe,地球；球体
jealous,嫉妒的
fortune,命运；财产
fancy,想象；爱好
activity,活动；活力；行动
therapy,治疗
flow,流动；流量
natural,自然的；天然的
fat,脂肪；肥胖的
fetch,拿来；请来
invade,侵入，侵略
permission,允许，许可
especially,特别，尤其
decision,决定；决心
swim,游泳
brick,砖，砖块
shortly,不久；简短地
charity,施舍；慈善事业
party,聚会；政党
none,没有任何东西
restaurant,餐厅
last,最后的；持续
organ,器官；机构
lock,锁；锁上
breath,气息；呼吸
dispute,争论，争执
solution,解决方案；溶液
modest,谦虚的；适度的
unemployment,失业
dry,干的；干燥
excitement,兴奋，激动
arrangement,整理，排列；安排
senior,年长的；高级的
cock,公鸡；旋塞
fabric,织物；结构
child,孩子，儿童
strange,奇怪的；陌生的
lesson,课；教训
revenue,收入；税收
hit,打；击中
leak,漏；泄漏
connection,连接；关系
curtain,窗帘，幕布
used,使用过的；习惯于
she,她
companion,同伴；伴侣
large,大的；大量的
essential,本质的；必要的
ounce,盎司
yeah,是的
pool,水池；游泳池
mass,大量；群众
interfere,干涉，介入
contribution,贡献；捐献
subject,主题；学科；使遭受
highly,高度地；非常
approximately,近似地，大约
deed,行为；事迹；契约
appointment,任命；约定，约会
apart,相隔；分开；除去
safety,安全
tire,轮胎；使疲倦
america,美洲；美国
oil,油；石油
geography,地理，地理学
barber,理发师
convention,习俗，惯例；大会
whose,谁的
friend,朋友
nothing,什么也没有
deceit,欺骗，欺诈
code,代码，密码；法规
approval,赞成，同意；批准
talk,谈话；演讲
prior,在前的；优先的
resolution,决心；解决
despair,绝望
itself,它自己
compromise,妥协，折衷
youth,青春；青年
pronounce,发音；宣布
process,过程；加工
decline,下降；衰退；谢绝
bounce,反跳，弹起；跳起
lean,倾斜；倚靠
ham,火腿
entertain,使娱乐；招待
hurt,伤害；疼痛
force,力；强迫
reverse,相反的；颠倒
lake,湖
tape,磁带；胶带
grain,谷物；颗粒
remind,提醒
mine,矿；我的
within,在…之内
watch,观看；手表
drown,淹死，淹没
propose,提议；推荐
shall,将要
succeed,成功；继承
row,排；划船
near,近的；靠近
special,特别的；专门的
locate,使…坐落于
sky,天空
expect,预期；期望
finish,完成；结束
field,田地；领域
chance,机会，机遇；可能性
attitude,态度，看法；姿势
amaze,使惊奇，使惊愕
tired,疲倦的
pound,磅；英镑
comfort,安慰；舒适
anxiety,焦虑，忧虑；渴望
plug,插头；塞子
vocabulary,词汇
ground,地面；根据
doctor,医生；博士
wing,翅膀
genuine,真的；真诚的
successful,成功的
nowadays,现今，现在
know,知道；了解
tower,塔
mild,温和的；轻微的
additional,附加的，追加的
flower,花
want,要；想要
why,为什么
economy,经济；节约
forward,向前的；前进
twin,双胞胎
impression,印象；感想
hardly,几乎不；刚刚
afraid,害怕的；担心的
self,自己
that,那；那个
drive,驾驶；驱动
desirable,合乎需要的；理想的
psychological,心理的
teacher,教师
each,每个，每
constitute,构成，组成
imitate,模仿，仿效
several,几个；各自的
discover,发现；暴露
year,年
him,他
take,拿；带；花费
effort,努力；成就
weekend,周末
herself,她自己
attract,吸引；引起，诱惑
aim,瞄准，针对；致力
caution,小心；警告
yes,是
strong,强壮的；坚强的
comment,评论，意见
rank,等级；军衔
business,商业，生意；事务
incredible,难以置信的
independent,独立的；自主的
conservative,保守的；保守派
accompany,陪伴，陪同；伴随
author,作者，作家
active,活跃的；积极的
learn,学习；得知
tool,工具
asia,亚洲
behave,表现，举止；运转
vessel,容器；船只
candle,蜡烛
rude,粗鲁的
aural,耳的，听觉的
bacteria,细菌
laugh,笑；大笑
character,性格；特性；角色
about,关于；在…周围
extensive,广泛的；大量的
lung,肺
indeed,真正地；确实
tide,潮汐；趋势
ill,有病的；坏的
communism,共产主义
bulk,物体，容积；大批
legal,法律的；合法的
internal,内部的；国内的
representative,代表；典型的
wide,宽的；广泛的
strict,严格的
scratch,抓；刮
humor,幽默，诙谐
perfect,完美的；完全的
amongst,在…之中(=among)
proud,骄傲的；自豪的
evening,傍晚，晚上
operator,操作员
attentive,注意的；有礼貌的
cage,笼；鸟笼
complain,抱怨；控告
income,收入，收益
agreement,协定，协议；同意
achieve,完成，实现；达到
penalty,处罚；罚款
scene,景色；场景
flood,洪水；淹没
boss,老板，上司；指挥
freeze,冻结；凝固
while,当…的时候；虽然
negative,否定的；消极的
nose,鼻子
knowledge,知识，学问
atomic,原子的；原子能的
bind,捆绑；包扎；装钉
channel,海峡；渠道；频道
strike,罢工；打击
alphabet,字母表，字母系统
punch,拳打；冲孔
toy,玩具
swallow,吞下；燕子
yellow,黄色的
contemporary,当代的；同龄人
story,故事；楼层
argue,争论，争辩，辩论
constitution,宪法；体质
status,地位；状况
burst,爆炸；破裂
departure,离开，出发
depart,离开，出发
smart,聪明的；时髦的
smoke,烟；吸烟
payment,支付；付款
adjust,调整，调节；校正
chart,图表；航海图
palace,宫殿
cup,杯子
favor,好感；赞同；恩惠
visual,视觉的
journey,旅行，旅程
area,面积；地区；领域
form,形式；形状；形成
dairy,牛奶场；乳制品
try,尝试；试图
barn,谷仓；牲口棚
hard,硬的；困难的
hesitate,犹豫，踌躇
university,大学
welfare,福利
refuse,拒绝
terrible,可怕的；极度的
god,神，上帝
hide,隐藏；躲藏
search,搜寻；搜索
fulfill,履行；实现
contradiction,矛盾；反驳
desperate,绝望的；不顾一切的
repeat,重复
available,可利用的；通用的
emit,发射；散发
pop,流行的；砰的一声
burden,担子，负担；装载
arabian,阿拉伯的
tuck,塞进；卷起
sweat,汗；出汗
partly,部分地；在一定程度上
advantage,优点，优势；好处
tremendous,巨大的
afternoon,下午，午后
sink,下沉；沉没
associate,交往；伙伴，同事
sure,确信的；一定的
foot,脚；英尺
clear,清晰的；清除
gradually,逐渐地
plot,情节；阴谋
difference,差别；差；分歧
organize,组织
fit,适合；健康的
although,尽管，虽然
food,食物，食品
bread,面包
far,远的；遥远
married,已婚的
communication,通讯；交流；信息
essay,文章，散文
minister,部长；牧师
pit,坑；深渊
feel,感觉；觉得
relate,有关；讲述
dirt,尘，土；污物
bullet,子弹，枪弹
retreat,撤退
vote,投票；选举
contrary,相反的；对立面
trick,诡计；欺骗
flat,平坦的；公寓
invitation,邀请；请帖
permanent,永久的；持久的
expansion,扩大；扩充
pin,钉子；别针
robot,机器人
historic,有历史意义的
recognize,认出；承认
contest,竞争，比赛
own,自己的；拥有
attain,达到，获得，完成
emerge,出现；浮现
now,现在
accommodate,容纳；供应，供给
cow,母牛，奶牛
indicate,标示；表明
apple,苹果，苹果树
contact,接触，联系
solid,固体的；坚固的
nonetheless,然而
telephone,电话
refresh,使清新；刷新
create,创造；产生
necessary,必要的；必需的
furniture,家具
regret,遗憾；后悔
gain,获得；增加
law,法律；定律
breeze,微风，和风
pet,宠物
honest,诚实的，正直的
awfully,令人畏惧的；很
angry,愤怒的，生气的
mouth,嘴，口腔
dinner,正餐，主餐
assignment,任务，指定的作业
instead,代替；反而
comprehension,理解；理解力
legend,传说；传奇
himself,他自己
sequence,顺序；系列
instruction,命令；教学
music,音乐
orange,橙子；橙色的
minority,少数
spare,多余的；抽出
one,一
eager,渴望的，热切的
communist,共产主义者
enemy,敌人；仇敌
headache,头痛
title,标题；头衔
critical,批评的；危急的
confuse,使混乱，混淆
social,社会的；社交的
return,返回；归还
explicit,明确的；清楚的
bend,使弯曲；弯曲
casual,偶然的；随便的
wet,湿的
ambulance,救护车；野战医院
limit,限制；界限
federal,联邦的；联邦制的
another,再一个的；别的
unique,唯一的；独特的
challenge,挑战
dress,女服；穿衣
skirt,裙子
deliberate,故意的；深思熟虑的
grateful,感激的
town,城镇
examination,考试；检查
noisy,嘈杂的
arbitrary,随心所欲的；专断的
accordance,一致；和谐；授予
scientific,科学的
super,极好的；超级的
africa,非洲
explode,爆炸；爆发
silence,沉默；寂静
winter,冬天
how,怎么；多么
disappoint,使失望
sentence,句子；判决
muscle,肌肉
husband,丈夫
shame,羞耻；遗憾
fair,公平的；晴朗的
parade,游行；阅兵
drawing,图画；绘图
known,已知的
extreme,极端的；极度的
somebody,某人
shock,震惊；电击
bake,烤，烘，焙；烧硬
universal,普遍的；全世界的
exception,例外
membership,成员资格
suggestion,建议
durable,耐用的；持久的
material,材料；素材
duck,鸭，鸭肉
maybe,大概，或许
different,不同的；各种的
chew,嚼，咀嚼
normal,正常的；标准的
young,年轻的
sorry,对不起；遗憾的
basis,基础，根据
rescue,营救，援救
compute,计算
consist,由…组成；在于
inward,向内的；内心的
submit,提交；服从
choice,选择，抉择
lay,放；铺设
history,历史
gulf,海湾
expensive,昂贵的
war,战争
warm,温暖的
apply,应用，实施，使用
scale,规模；比例；刻度
string,绳子；弦
test,测试；试验
living,活的；生计
parcel,包裹
thread,线；线索
leave,离开；留下
beneath,在…下方
punishment,惩罚
except,除…之外
direct,直接的；指导
system,系统；制度
stand,站；忍受
nature,大自然；本性
fire,火；火灾；解雇
wheel,轮子
formula,公式；配方
tail,尾巴
initial,最初的；词首的
gallery,画廊；美术馆
trend,趋势；倾向
military,军事的；军队
banana,香蕉；芭蕉属植物
clue,线索；暗示
invention,发明，创造
childhood,童年，幼年
addition,加，加法；附加物
mark,痕迹；分数；标记
bless,为…祝福
like,喜欢；像
swear,发誓；咒骂
frequency,频率；频繁
nurse,护士；保姆
provide,提供
angel,天使，神差，安琪儿
nine,九
climb,攀登，爬
identify,认出；识别
housing,住房；住宅
time,时间；次
fix,固定；修理
apparatus,器械，仪器；器官
investment,投资；投资额
presence,出席；存在
satellite,卫星
discussion,讨论，论述
convey,传送；传达
fluent,流利的
settlement,解决；定居点
honor,荣誉；尊敬
fresh,新鲜的；新颖的
gift,礼物，赠品
shore,岸；海滨
lose,丢失；输掉
clap,拍手；轻拍
neat,整洁的；简洁的
understand,理解；了解
violence,暴力
pride,骄傲；自豪
else,其他；否则
under,在…下面
garden,花园，菜园
salt,盐
realistic,现实的
aware,知道的，意识到的
chairman,主席；议长
often,经常
core,核心；果实的心
hungry,饥饿的
chin,下巴，颏
margin,边缘；余地
recovery,恢复；痊愈
minus,减的；负的
much,很多；非常
job,工作；职业
engage,从事；吸引；雇用
old,老的；旧的
exit,出口；退场
plastic,塑料的；塑料
cloud,云
bureau,局，司，处；社
meal,膳食，一餐
bridge,桥，桥梁
precise,精确的
rapid,迅速的
interval,间隔；休息
actual,实际的；现行的
festival,节日；庆祝
collect,收集；聚集
tuesday,星期二
role,角色；作用
steel,钢
mutual,相互的；共同的
stuff,东西；材料
excess,超过；过量
sun,太阳
weight,重量；体重
storm,暴风雨
arrange,筹备；整理；调解
list,列表；名单
northern,北方的
whom,谁(宾格)
output,产量；输出
conversation,会话，谈话
as,当…的时候
item,项目；条款
meaning,意义；含义
sake,缘故
aboard,在船(车)上；上船
order,命令；顺序；订购
intelligence,智力；情报
budget,预算
follow,跟随；遵循
restrict,限制
voluntary,自愿的
being,存在；生物；生命
reveal,揭示；透露
and,和，又，并，则
inside,在里面；内部
press,压；按；新闻界
no,没有；不
south,南，南方
found,创立，创办；找到
come,来，来到；出现
booth,货摊；公用电话亭
floor,地板；楼层
frighten,使惊恐
silly,愚蠢的
goal,目标；球门
mill,磨坊；工厂
berry,浆果(如草莓等)
promise,诺言；答应
romantic,浪漫的
construct,建造；建设
retain,保留；保持
shirt,衬衫
outstanding,杰出的；显著的
stroke,中风；击
conflict,争论；冲突；斗争
resource,资源
emphasis,强调，重点
affair,事情，事件；事务
topic,题目；主题
beside,在…旁边
repair,修理
dream,梦；做梦
refer,提到；参考
leadership,领导
sport,运动
bathroom,浴室；盥洗室
liberate,解放；释放
new,新的
picture,图画；照片
novel,小说；新奇的
strategy,策略；战略
silent,沉默的
famous,著名的
midnight,午夜
canal,运河；沟渠
lie,躺；说谎
excite,使兴奋；引起
tunnel,隧道
compel,强迫，迫使
at,在…里；在…时
wednesday,星期三
chemistry,化学
electron,电子
star,星；明星
shape,形状；塑造
plate,盘子；板块
brown,褐色的，棕色
undergo,经历；遭受
crawl,爬行
surround,包围
digital,数字的；计数的
axis,轴，轴线；中心线
manage,管理；设法
eventually,终于；最后
excessive,过多的，极度的
die,死，死亡
always,总是，一直；永远
exhibition,展览；展览会
milk,牛奶；乳制品
problem,问题；难题
into,进入；变成
absolute,绝对的；纯粹的
coffee,咖啡
band,乐队；带；波段
population,人口
conference,会议，讨论会
dismiss,打发；解雇
coin,硬币，钱币
bay,湾；山脉中的凹处
stress,压力；强调
wage,工资
damp,潮湿的
bleed,出血，流血；泌脂
atlantic,大西洋的；大西洋
sometimes,有时
later,后来；过会儿
expression,表达；词句
literature,文学；文献
machine,机器；机械
ruin,毁灭；废墟
paint,油漆；画
designer,设计师
joke,笑话；开玩笑
practice,练习；实践
bus,公共汽车
source,来源；水源
beef,牛肉；菜牛
treasure,财宝；珍视
previous,以前的
classic,古典的；一流的
cliff,悬崖，峭壁
artificial,人工的；娇揉造作的
balance,使平衡；称；天平
nephew,侄子，外甥
insist,坚持；坚决要求
australia,澳大利亚
brilliant,光辉的；卓越的
moon,月亮
drought,旱灾，干旱
arouse,引起，唤起；唤醒
continent,大陆，陆地
gather,聚集；收集
likely,可能的
morning,早晨，上午
mile,英里
everything,每件事物
protect,保护
act,行动；见效；行为
boil,沸腾；汽化；煮沸
rate,比率；速度
yet,然而；还
expand,扩大；展开
warn,警告
ash,灰，灰末；骨灰
applicable,能应用的；适当的
enjoy,享受；欣赏
captain,队长；船长；上尉
rise,上升；上涨
actually,实际上；竟然
fairly,相当；公平地
space,空间；太空
hand,手；指针；递交
destination,目的地
export,输出，出口
council,理事会，委员会
blood,血，血液；血统
ever,曾经；无论何时
paper,纸；论文
entire,全部的；完整的
musician,音乐家
deepen,加深；深化
third,第三
contract,合同，契约
personality,个性；人格
butter,黄油；奶油
wooden,木制的
corridor,走廊，回廊
cabin,小屋；船舱
diamond,钻石，金刚石
urgent,紧急的
fast,快的；牢固的
employment,雇用；职业
unity,团结；统一
grant,授予；同意
frame,框架；画框
them,他们
lack,缺乏；不足
winner,获胜者
peace,和平；平静
position,位置；职位
shift,转变；轮班
hello,你好
quarter,四分之一；季度
fashion,时尚；方式
district,区；地区
summary,总结；摘要
deny,否认；拒绝
expert,专家
beyond,在…的那边
admission,允许进入；承认
lover,爱人；爱好者
neglect,忽视，忽略
moist,潮湿的
display,陈列，展览
post,邮政；岗位；张贴
stone,石头
speed,速度
distance,距离；远处
trust,信任；委托
corner,角；角落；拐角
otherwise,否则；另外
accustomed,惯常的；习惯的
technology,技术
enthusiasm,热情，热心
equivalent,相等的；等价物
gate,大门；登机口
earthquake,地震
grey,灰色的；灰色
dear,亲爱的；贵的
naturally,自然地；天生地
reward,报酬；奖赏
for,为了；因为
servant,仆人
all,全部的；全部
fund,资金；基金
retire,退休；撤退
profile,侧面；轮廓
seem,似乎，好像
ditch,沟，渠
mad,发疯的；恼火的
equation,方程(式)；等式
beginner,初学者，生手
document,文件；文献
fly,飞；飞行
emergency,紧急情况；突发事件
receive,收到；接待
lend,借出
require,需要；要求
museum,博物馆
round,圆的；围绕
employ,雇用；用
page,页
congratulate,祝贺，向…道喜
leisure,空闲时间；悠闲
ultimate,最终的；根本的
mathematics,数学
handy,手边的；方便的
least,最少的
borrow,借，借用，借入
neck,脖子
sacrifice,牺牲；献祭
action,行动；作用；功能
general,总的；一般的
success,成功
await,等候，期待
heritage,遗产；传统
victim,受害者
perceive,察觉；理解
glory,光荣；荣誉
anybody,任何人
priority,优先权
trail,痕迹；小径
relationship,关系
fail,失败；不及格
boast,自夸；吹嘘
distribute,分发；分布
recall,回想；召回
bar,酒吧间；条，杆；栅
cream,奶油，乳脂
infection,传染；感染
hobby,业余爱好
rule,规则；统治
fiction,小说；虚构
ahead,在前；向前；提前
purchase,购买
sort,种类；分类
fever,发热；发烧
communicate,传达；交流；通讯
up,向上
replace,替换；取代
complicate,使复杂；使陷入
hell,地狱；极不愉快的地方
duty,职责；税
week,星期，周
definition,定义，释义
primary,主要的；初级的
broadcast,广播，播放
mislead,误导
capital,首都；资本
support,支持；支撑
cling,粘住；依附
aeroplane,飞机
credit,信用，信任；学分
screen,屏幕；筛
alter,改变，变更；改做
anticipate,预料，预期，期望
travel,旅行
derive,取得；起源
grace,优美；优雅
arrest,逮捕，拘留；阻止
type,类型；打字
twelve,十二
million,百万
suspect,怀疑；嫌疑人
drop,落下；滴；下降
kilometer,千米，公里
word,词；单词
review,复习；评论
further,更远的；进一步
forget,忘记
mankind,人类
deaf,聋的
fork,叉；餐叉
sick,有病的；厌恶的
ecology,生态学
sell,卖，销售
construction,建造；建筑物
mean,意思是；平均的
certainly,一定，必定；当然
lately,最近
beauty,美，美丽；美人
airplane,飞机
prime,首要的；最好的
reasonable,合理的
increasingly,日益，越来越多地
airline,航空公司；航线
wear,穿；磨损
square,正方形；广场
merit,优点；价值
trial,审判；试验
intelligent,聪明的
function,功能；职责
imagine,想象；设想
allow,允许，准许；任
territory,领土；领域
length,长度
energy,精力；能量
version,版本
naval,海军的
demand,要求；需要
remain,保持；剩余
pleasure,快乐；乐趣
photograph,照片
justice,正义；司法
imply,暗示，意指
extra,额外的；特别的
grandmother,祖母，外祖母
access,接近；通道，入口
monitor,班长；监视器
house,房屋；住宅
provision,供应；规定
advice,劝告；忠告；意见
tank,坦克；水箱
immigrant,移民
key,钥匙；关键的
cycle,自行车；循环
attend,出席；照顾，护理
joint,接合处；联合的
mention,提到，说起
pitch,投掷；沥青
free,自由的；免费的
interpretation,解释；口译
jet,喷气式飞机；喷射
audience,听众，观众，读者
december,十二月
clock,钟，时钟
humorous,幽默的
dictionary,词典，字典
clean,清洁的；打扫
venture,冒险；风险投资
battery,电池；一套，一组
pie,馅饼
flee,逃跑；逃避
fun,乐趣；有趣的人
encounter,遭遇，遇到
dip,浸；蘸
evolve,使进化；发展
barrel,桶；圆筒；枪管
lift,举起；电梯
enlarge,扩大；放大
disease,疾病
sale,出售；廉价出售
must,必须；一定
pack,包；打包
entry,进入；入口；条目
double,两倍的；双的
eastern,东方的；东部的
lunch,午餐
mobile,移动的；手机
college,学院，大学
long,长的；渴望
shoulder,肩膀
lamp,灯
occasion,场合；时机
restore,恢复；修复
literary,文学的
first,第一的；首先
reduction,减少；降低
precious,珍贵的
talent,才能；天才
meeting,会议；集会
celebrate,庆祝；歌颂
march,三月；行军
cafe,咖啡馆；小餐厅
dragon,龙
powerful,强大的
tap,水龙头；轻叩
meet,遇见；开会
out,出；在外面
confusion,混乱；混淆；困惑
delegation,代表团
laboratory,实验室
bother,烦扰，迷惑；麻烦
acceptable,可接受/合意的
citizen,公民；市民
dive,跳水；潜水
inquire,询问；调查
newspaper,报纸
hunt,打猎；搜寻
count,计算；有价值
province,省
schedule,时间表；安排
january,一月
manufacture,制造；生产
badly,坏，差；严重地
respond,回答；响应
trip,旅行
wealth,财富；丰富
appoint,任命，委任；约定
ago,以前
circumstance,情况，环境；境遇
creature,生物，动物
traditional,传统的
fence,栅栏，篱笆
direction,方向；指导
than,比
fuel,燃料
wonderful,极好的
screw,螺丝钉；拧
organization,组织；机构
everyday,每天的；日常的
bee,蜂，蜜蜂；忙碌的人
compulsory,强制的；义务的
miserable,痛苦的；悲惨的
opening,开始； openings
term,学期；术语
listen,听；倾听
steady,稳定的
member,成员，会员
fluid,流体；流动的
tree,树
push,推；推动
switch,开关；转换
three,三
exceed,超过，胜过
family,家庭；家族
ability,能力；能耐，本领
poetry,诗歌
interior,内部的；内地
fact,事实；实际
profession,职业
revolution,革命
confess,供认，承认；坦白
tend,倾向；易于
kick,踢
correct,正确的；纠正
card,卡，卡片；名片
possession,所有物；拥有
explore,探险；探索
institute,研究所；学院
forest,森林
interview,接见；面试
fee,费，酬金
offer,提供；提议
face,脸；面向
cancel,取消，撤销
file,档案；文件夹
royal,王室的；皇家的
four,四
away,离开，远离；…去
lazy,懒惰的
hardware,五金器具；硬件
cover,盖，覆盖；包括
phrase,短语；措辞
owe,欠；归功于
above,在…上面；高于
lens,透镜；镜头
appear,出现；来到；似乎
dumb,哑的；无言的
copper,铜；铜币
publication,出版；出版物
hydrogen,氢
bucket,水桶；吊桶
opera,歌剧
report,报告；报道
less,更少的
target,目标；靶子
give,给；授予
left,左边的；离开
reform,改革
bowl,碗，钵；碗状物
ankle,踝，踝节部
supply,供应；供给
qualify,使合格；限制
unfortunately,不幸地
edition,版，版本
strengthen,加强
alarm,惊恐，忧虑；警报
freedom,自由
thing,事情；东西
inquiry,询问；调查
on,在…上；关于
set,放；设置
grand,宏伟的；重大的
equip,装备，配备
whisper,低语；耳语
equality,平等，同等
former,以前的；前者
inner,内部的；内心的
cottage,村舍，小屋
slope,倾斜；斜坡
age,年龄；时代；变老
deposit,存款；沉积物
destroy,破坏，消灭
fare,车费，船费
governor,州长；总督
mature,成熟的
crew,全体船员；全体组员
depend,依靠，依赖
mind,头脑；介意
announcer,宣告者；播音员
humble,谦逊的；卑微的
boundary,分界线，边界
collision,碰撞；冲突
unlikely,不太可能的
downtown,在商业区
involve,使卷入；涉及
frequent,频繁的
consider,考虑；认为
agony,极度痛苦
iron,铁；熨斗
conquer,征服，战胜
commercial,商业的；商品化的
disagree,不同意；不一致
clumsy,笨拙的；愚笨的
roof,屋顶
terror,恐怖
preference,偏爱；优先
green,绿色的；绿色
bold,大胆的；冒失的
somewhat,有点，稍微
dramatic,戏剧性的；引人注目的
date,日期；约会
guest,客人
ant,蚂蚁
harvest,收获；收割
fear,害怕；恐惧
anything,任何事物；一切
care,小心；照顾；关怀
launch,发射；发起
civilization,文明，文化
portable,便携的
queue,队列；排队
help,帮助；援助
ancestor,祖宗，祖先
pleasant,令人愉快的
class,班，班级；阶级
transportation,运输
twelfth,第十二
accuse,指责；归咎于
present,现在的；礼物；出席
largely,主要地；大量地
popular,流行的；受欢迎的
lip,嘴唇
typical,典型的
education,教育；学历
select,选择
cash,现金，现款
from,从…来；离开
abundant,丰富的；大量的
appeal,呼吁；申述
entitle,给…权利；给…题名
throw,投；扔
secret,秘密的；秘密
betray,背叛；辜负；泄漏
army,军队；陆军
drill,钻头；训练
twenty,二十
occupy,占领；占据
elaborate,精心制作的；详尽的
second,第二；秒
crystal,水晶；晶体
gentleman,绅士；先生
dawn,黎明；开端
remove,移动；去除
evaluate,评价，估价
endless,无止境的
without,没有；在…之外
urge,催促；冲动
bottom,底，底部，根基
bubble,泡；泡沫
wine,葡萄酒
central,中心的；主要的
bond,联结，联系；公债
soft,软的；温柔的
extremely,极端地，非常
possibility,可能性
soon,不久；很快
accord,使一致；给予
past,过去的；经过
silver,银；银色的
responsibility,责任
faith,信任，信心；信仰
plan,计划；方案
transfer,转移；调动
collar,衣领，项圈
evident,明显的
helpful,有帮助的
divide,分；分配；分开
avoid,避免，躲开；撤消
good,好的；有益的
cause,原因；理由；事业
tough,坚韧的；困难的
ocean,海洋
decay,腐烂；衰败
phone,电话
bag,袋，包，钱包，背包
blind,瞎的；盲目的
price,价格；代价
root,根；根源
mask,面具；口罩
accurate,准确的，正确无误的
bad,坏的，恶的；严重的
surgery,外科手术
market,市场；集市
eyesight,视力，目力
shed,流出；脱落
translate,翻译
cast,投，扔，抛
industrial,工业的
electricity,电，电流
discuss,讨论
fill,装满；填充
southern,南方的
cupboard,碗柜，小橱
edge,边缘；刀口
finger,手指
painting,绘画；画
principle,原则；原理
veteran,老兵；老手
size,大小；尺寸
justify,证明…是正当的
beam,梁；横梁；束，柱
road,路，道路
answer,回答；响应；适应
recruit,招募
pure,纯粹的；纯洁的
domestic,本国的；家庭的
professor,教授
buy,买，购买
insurance,保险；保险费
directly,直接地
stable,稳定的
avenue,林荫道，道路；大街
reduce,减少；降低
aviation,航空，航空学
contrast,对比，对照
bathe,给…洗澡；弄湿
official,官方的；正式的
assembly,集合；集会；装配
cold,冷的；寒冷
peaceful,和平的；安静的
object,物体；目标；反对
money,钱，金钱
race,比赛；种族
arise,出现；由…引起
assign,指派；分配；指定
figure,数字；人物；图形
atom,原子；微粒；微量
pipe,管子；管道
purple,紫色的
association,协会，团体；联合
definite,明确的；肯定的
exposure,暴露；揭露
cope,对付，应付
coach,长途公共汽车；教练
national,国家的；民族的
snake,蛇
potato,土豆，马铃薯
surprise,惊奇；使惊奇
knife,刀
evil,邪恶的；罪恶
manner,方式；态度；礼貌
electrical,电的；电气科学的
importance,重要性
absence,缺席，不在场；缺乏
hospital,医院
community,社区；社会
assume,假定；承担；呈现
inspect,检查；视察
deceive,欺骗，蒙蔽
mouse,老鼠；鼠标
name,名字；命名
intermediate,中间的
competent,有能力的；胜任的
disadvantage,不利条件
bible,基督教《圣经》
adapt,使适应；改编
pig,猪
sight,视力；景象
arm,臂；臂状物；武器
blame,责备，把…归咎于
pollution,污染
live,居住；活的
bang,巨响，枪声；猛击
draw,画；拉；吸引
measure,量；测量；措施
tone,语气；音调
container,容器；集装箱
yell,叫喊
cheap,便宜的；劣质的
lower,降低；放下
willing,愿意的
tight,紧的
corporation,公司，企业
draft,草稿；草案
boy,男孩，少年；家伙
gap,缺口；差距
institution,机构；制度
atmospheric,大气的；大气层的
blanket,毛毯，毯子，羊毛毯
shelf,架子
silk,丝绸
split,劈开；分裂
artistic,艺术的；艺术家的
mere,仅仅的；纯粹的
invisible,看不见的
knot,结；节
greet,问候，打招呼
layer,层，阶层
slide,滑动；幻灯片
bitterly,苦苦地；悲痛地
bill,账单；招贴；票据
copy,抄本；复制
internet,互联网
mirror,镜子
distribution,分发；分布
miracle,奇迹
public,公共的；公众的
project,项目；工程
cattle,牛；牲口
truly,真正地
decide,决定，决心
naked,裸体的；无遮蔽的
sound,声音；健全的
equal,相等的；等于
discount,折扣
or,或，或者
tour,旅行；观光
fourth,第四
alternative,替换物；取舍，抉择
auxiliary,辅助的；附属的
develop,发展；开发
assure,使确信；向…保证
science,科学
temperature,温度
ax,斧子
accommodation,招待设备；预定铺位
world,世界
ray,光线；射线
dial,钟面；拨号
positive,积极的；肯定的
raw,生的；未加工的
affection,慈爱，爱；爱慕
future,将来，未来
attribute,把…归因于；属性
description,描述；说明书
downstairs,在楼下
cabinet,橱，柜；内阁
magnificent,壮丽的；极好的
our,我们的
liberty,自由
hint,暗示；提示
worth,值；值得
speech,演说；言语
innovation,创新
fiber,纤维；光纤
themselves,他们自己
criticism,批评；评论
substance,物质
transition,转变；过渡
piano,钢琴
deal,交易；处理
knock,敲；碰撞
represent,代表；表示
pass,经过；传递
electric,电的；电动的
company,公司；陪伴
polite,有礼貌的
moderate,适度的；温和的
slip,滑倒；疏忽
careless,粗心的，漫不经心的
capable,有能力的，有才能的
per,每；按照
awake,醒着的；唤醒
namely,即，也就是
treat,对待；治疗
before,在…以前；向…
wife,妻子
voyage,航行
dispose,处理；安排
assistant,助手，助理；助教
disguise,假扮，伪装
fault,缺点；过失
happy,快乐的；幸福的
breast,乳房；胸脯
advertisement,广告；公告；登广告
navy,海军
fool,傻子；愚弄
regular,规则的；定期的
able,有能力的；出色的
pay,支付；工资
pick,挑选；采摘
command,命令；指挥；掌握
his,他的
vanish,消失
would,将会；愿意
resident,居民
unfair,不公平的
sensitive,敏感的
external,外部的；外面的
sad,悲伤的
both,两者(都)
officer,官员；军官
consequently,因此，因而
november,十一月
egg,蛋，鸡蛋
tidy,整洁的
to,到；向
abstract,抽象的；摘要
man,男人；人类
colleague,同事，同僚
leg,腿
experience,经验；经历
zone,地区；地带
woman,女人
service,服务；公共事业
elephant,象
phase,阶段；方面
stomach,胃；肚子
brow,眉，眉毛
tiny,微小的
step,步骤；脚步
acquire,取得；获得；学到
pose,姿势；提出
drink,喝；饮料
path,路；途径
metal,金属
reference,参考；参考文献
however,然而；不管怎样
hut,小屋，棚屋
attraction,吸引；吸引力；引力
reflection,反射；映像
kiss,吻
stick,棍；粘住
column,柱，圆柱；专栏
sample,样品；样本
close,关的；关闭
brake,闸，刹车；制动
approach,向…靠近；靠近
benefit,利益；恩惠；津贴
nevertheless,然而，不过
once,一次；曾经
chapter,章，回
delicate,精致的；微妙的
handsome,英俊的；可观的
input,输入
quiz,测验
late,迟的；晚的
radiation,辐射；放射
urban,城市的
efficient,效率高的
physics,物理学
president,总统；校长
unless,除非
door,门
youngster,年轻人
election,选举
chest,胸腔；箱子
master,主人；大师；掌握
shade,荫；遮光物
individual,个人的；个别的
note,笔记；注意
single,单一的；单身的
debate,争论，辩论
final,最后的；决定性的
throat,喉咙
probably,大概，或许
daylight,日光，白昼
auto,(口语)汽车
email,电子邮件
inspire,鼓舞；激发
find,找到；发现
altogether,完全；总而言之
development,发展；开发
asleep,睡着的，睡熟的
foolish,愚蠢的
street,街道
delicious,美味的，怡人的
powder,粉末；火药
studio,工作室
series,系列；连续
empire,帝国
hostile,敌对的；不友好的
meanwhile,与此同时
common,普通的；共同的
divorce,离婚；分离
training,训练
perhaps,也许，可能
concentrate,集中；浓缩
section,部分；截面
resign,辞职
baby,婴儿；孩子气的人
shoe,鞋
straight,直的；直接地
tailor,裁缝
eliminate,消除，排除
span,跨度；一段时间
data,数据，资料
grip,握紧；掌握
here,这里
commission,委任状；佣金
hat,帽子
see,看见；明白
male,男性的；雄性的
witness,目击者；证人
wisdom,智慧
blossom,花，开花；开花
difficulty,困难；难题
bat,球拍；短棍；蝙蝠
exclude,把…排除在外
destruction,破坏，毁灭
smile,微笑
application,请求，申请；施用
award,奖，奖品；判定
taste,味道；品尝
corresponding,相应的；符合的
pulse,脉搏；脉冲
handle,处理；操作；把手
risk,风险；危险
satisfy,满足；使满意
expense,费用，开支
porch,门廊
basin,盆，洗脸盆；盆地
horror,恐怖；厌恶
cancer,癌，癌症
perspective,观点；透视
mate,伙伴；配偶
transform,改变；变换
apology,道歉，认错，谢罪
elect,选举，推选
remarkable,显著的；异常的
germ,细菌；萌芽
guy,家伙，人
bitter,痛苦的；严寒的
hotel,旅馆
better,较好的；更好地
boat,小船，艇；渔船
fundamental,基本的；根本的
wedding,婚礼
decorate,装饰，装潢
coarse,粗的，粗糙的
envy,嫉妒；羡慕
gas,气体；煤气
knee,膝盖
suspend,悬挂；暂停
colony,殖民地
wall,墙；墙壁
accident,意外的；事故
episode,一段经历；插曲
reaction,反应
luck,运气
delivery,投递；交付；分娩
keen,热切的；敏锐的
play,玩；播放；剧本
table,桌子；表格
shot,射击；射门
those,那些
creative,创造性的
preserve,保护；保存
air,空气；空中；外观
relieve,减轻；解除
occupation,占领；职业
difficult,困难的
delegate,代表；委派
bicycle,自行车，脚踏车
along,沿着；向前
altitude,高，高度；高处
king,国王
real,真的；现实的
behalf,利益，维护，支持
player,运动员；演奏者
uncle,叔父；伯父
standard,标准的
body,身体；主体；尸体
tube,管子；地铁
charm,魅力；迷人
depress,使沮丧；压下
do,做，干
enough,足够的
undertake,承担；从事
agree,同意；持相同意见
breakfast,早饭，早餐
separate,分离的；分开
